"N","p","median_time_us","sd_time_us"
1e+05,200,140872.12,1729.33744123089
1e+05,400,95607.242,2987.78644259146
1e+05,600,198643.477,3711.57244459712
1e+05,800,294141.652,762.917591409912
1e+05,1000,437319.502,7002.12416978679
1e+05,1200,580722.258,8001.15284730581
1e+05,1400,768041.892,16876.2173460464
1e+05,1600,980856.189,18504.7415315674
1e+05,1800,1192280.674,162883.873906035
1e+05,2000,823351.847,8458.24423277889
1e+05,2200,953983.721,7577.21060705224
1e+05,2400,1104831.711,14901.5206290453
1e+05,2600,1359663.704,192912.47479922
1e+05,2800,1558411.323,45325.5321491701
1e+05,3000,1783921.963,203335.845610414
1e+05,3200,1996276.019,10285.2978191641
1e+05,3400,2290331.231,222685.189956979
1e+05,3600,2570261.247,131196.307603742
1e+05,3800,2940618.908,532785.910382813
1e+05,4000,3276633.012,83940.9201347294
