N,p,xtx_median_us,xtx_sd_us,inv_median_us,inv_sd_us,xty_median_us,xty_sd_us
1e+05,200,240096.807479858,9289.16758018348,1081.22825622559,11891.3429121077,15036.3445281982,221.064709897248
1e+05,400,770390.748977661,9663.31497352994,4832.98301696777,398.515517432586,30277.2521972656,606.738620579721
1e+05,600,1616954.8034668,13756.05340168,14334.2018127441,828.02632820787,45523.8819122315,345.928080302796
1e+05,800,2691227.19764709,22677.1423594853,33767.9386138916,1533.93378296296,61433.7921142578,4591.54662655337
1e+05,1000,4056416.27311707,36740.338788009,63942.1939849854,1672.56746193996,78583.4789276123,5528.00152638583
1e+05,1200,5718728.06549072,21612.8424597503,105185.508728027,3200.12563130553,94299.5548248291,1432.18048801235
1e+05,1400,7658630.37109375,57980.597954307,156211.853027344,30078.0018985394,109113.216400146,924.883279754016
1e+05,1600,9911638.97514343,74042.2445132452,228947.162628174,3969.35765156805,123836.994171143,1741.26973773239
1e+05,1800,12327182.2929382,49364.618382891,330296.993255615,9406.44005334591,139478.921890259,373.478248531869
1e+05,2000,15008424.9973297,55269.8203826602,450847.148895264,14420.2633310286,156409.502029419,724.065397911466
1e+05,2200,18200954.1988373,12379.474099769,590321.063995361,12290.657961354,171502.351760864,276.9635579956
1e+05,2400,21532641.8876648,37142.8270031568,759162.187576294,1246.86593830848,187452.793121338,723.751796988815
1e+05,2600,25351564.4073486,63645.5687336978,955530.166625977,702.506927819937,204024.314880371,650.587884093069
1e+05,2800,29269709.3486786,78330.3349776477,1181147.09854126,1079.35053966083,220144.271850586,574.409859648273
1e+05,3000,33359848.4992981,54640.7516844861,1440359.83085632,2989.88397961173,236363.887786865,578.868968371752
