100000,200,94001.05476379395,758.8863372802734,5636.930465698242
100000,400,355360.9848022461,4204.034805297852,11812.925338745117
100000,600,773270.1301574707,12270.927429199219,19048.92921447754
100000,800,1.3512120246887207e6,26461.83967590332,25647.16339111328
100000,1000,2.0910108089447021e6,48548.93684387207,32418.96629333496
100000,1200,2.9358930587768555e6,81123.11363220215,39161.92054748535
100000,1400,3.950115919113159e6,125570.05882263184,46392.202377319336
100000,1600,5.090072154998779e6,185430.04989624023,52424.90768432617
100000,1800,6.385730981826782e6,258605.95703125,59472.084045410156
100000,2000,7.846208095550537e6,350461.9598388672,66335.20126342773
100000,2200,9.412265062332153e6,462800.0259399414,73636.05499267578
100000,2400,1.1128812074661255e7,597234.0106964111,80731.86874389648
100000,2600,1.2983557939529419e7,754997.968673706,88417.05322265625
100000,2800,1.4998847007751465e7,938091.0396575928,95290.8992767334
100000,3000,1.7147470951080322e7,1.1470870971679688e6,102195.97816467285
