N,p,xtz_median_us,inv_median_us,xty_median_us
1e+05,200,66155.1952362061,618.934631347656,14286.994934082
1e+05,400,200404.167175293,2737.76054382324,29205.5606842041
1e+05,600,419424.057006836,8608.81805419922,44105.7682037354
1e+05,800,674932.718276978,16402.9598236084,59120.1782226563
1e+05,1000,1036003.11279297,27589.7979736328,73984.1461181641
1e+05,1200,1445032.83500671,43007.1353912354,88133.5735321045
1e+05,1400,1915990.82946777,62618.0171966553,103054.761886597
1e+05,1600,2388731.00280762,83363.0561828613,117629.766464233
1e+05,1800,3024401.42631531,111110.44883728,132091.999053955
1e+05,2000,3747068.16673279,148347.3777771,145346.641540527
1e+05,2200,4508756.16073608,196276.426315308,157998.323440552
1e+05,2400,5283762.69340515,247012.615203857,169673.919677734
1e+05,2600,6228348.49357605,306262.969970703,182142.019271851
1e+05,2800,7213906.04972839,374394.178390503,195101.499557495
1e+05,3000,8235252.14195252,448045.492172241,207112.073898315
