N,p,xtx_median_us,inv_median_us,xty_median_us
100000,200,94196.8,584.987,5618.16
100000,400,355199,3046.38,11914.6
100000,600,772827,8289.46,18331.4
100000,800,1.35068e+06,17385.3,25958.7
100000,1000,2.09127e+06,30212.7,32628.3
100000,1200,2.93231e+06,48723,39088
100000,1400,3.94842e+06,73348.9,46295.3
100000,1600,5.0836e+06,107080,52975.1
100000,1800,6.38894e+06,148217,59881.6
100000,2000,7.84051e+06,196979,66993.9
100000,2200,9.39938e+06,255886,74078.2
100000,2400,1.11224e+07,330014,81104.3
100000,2600,1.29724e+07,407725,88441.2
100000,2800,1.49844e+07,502549,95358.8
100000,3000,1.7149e+07,609343,102503
