N,p,median_time_us,sd_time_us
100000,200,25448.083877563477,67.21860796459919
100000,400,73879.95719909668,1527.6595246453217
100000,600,136691.09344482422,192.55563294096834
100000,800,234009.9811553955,380.524962961462
100000,1000,353693.96209716797,6186.999238643442
100000,1200,501929.04472351074,1241.12559480178
100000,1400,645590.06690979,2388.707537731677
100000,1600,827131.986618042,364.93892436354554
100000,1800,1.046781063079834e6,1123.6678812874118
100000,2000,1.241461992263794e6,6609.132645079336
100000,2200,1.4916870594024658e6,20209.770039155323
100000,2400,1.823518991470337e6,109646.39006177946
100000,2600,2.450836181640625e6,21506.476766248565
100000,2800,2.739670991897583e6,32028.011198436026
100000,3000,3.1699647903442383e6,20711.412885264734
100000,3200,3.662055015563965e6,29705.997279296356
100000,3400,4.148632049560547e6,11920.900476421672
100000,3600,4.584341049194336e6,17151.596078741462
100000,3800,5.1072540283203125e6,27886.5771731815
100000,4000,5.639195919036865e6,35714.75080361192
